{
    "$schema": "https://schema.management.azure.com/schemas/2015-01-01/deploymentParameters.json#",
    "contentVersion": "1.0.0.0",
    "parameters": {
        "subscriptionId": {
            "value": "995cd8d0-5b09-4a6c-a519-7f575cfdc6ec"
        },
        "name": {
            "value": "samplegql"
        },
        "location": {
            "value": "Central US"
        },
        "hostingPlanName": {
            "value": "ASP-common-ad45"
        },
        "serverFarmResourceGroup": {
            "value": "common"
        },
        "alwaysOn": {
            "value": false
        },
        "storageAccountName": {
            "value": "storageaccountcommobf0a"
        },
        "sku": {
            "value": "Dynamic"
        },
        "skuCode": {
            "value": "Y1"
        },
        "workerSize": {
            "value": "0"
        },
        "workerSizeId": {
            "value": "0"
        },
        "numberOfWorkers": {
            "value": "1"
        },
        "linuxFxVersion": {
            "value": "Node|12"
        }
    }
}