{
    "$schema": "http://schema.management.azure.com/schemas/2015-01-01/deploymentTemplate.json#",
    "contentVersion": "1.0.0.0",
    "parameters": {
        "subscriptionId": {
            "type": "string"
        },
        "name": {
            "type": "string"
        },
        "location": {
            "type": "string"
        },
        "hostingPlanName": {
            "type": "string"
        },
        "serverFarmResourceGroup": {
            "type": "string"
        },
        "alwaysOn": {
            "type": "bool"
        },
        "storageAccountName": {
            "type": "string"
        },
        "linuxFxVersion": {
            "type": "string"
        },
        "sku": {
            "type": "string"
        },
        "skuCode": {
            "type": "string"
        },
        "workerSize": {
            "type": "string"
        },
        "workerSizeId": {
            "type": "string"
        },
        "numberOfWorkers": {
            "type": "string"
        }
    },
    "resources": [
        {
            "apiVersion": "2018-11-01",
            "name": "[parameters('name')]",
            "type": "Microsoft.Web/sites",
            "kind": "functionapp,linux",
            "location": "[parameters('location')]",
            "tags": {},
            "dependsOn": [
                "microsoft.insights/components/samplegql202008161140",
                "[concat('Microsoft.Web/serverfarms/', parameters('hostingPlanName'))]",
                "[concat('Microsoft.Storage/storageAccounts/', parameters('storageAccountName'))]"
            ],
            "properties": {
                "name": "[parameters('name')]",
                "siteConfig": {
                    "appSettings": [
                        {
                            "name": "FUNCTIONS_EXTENSION_VERSION",
                            "value": "~3"
                        },
                        {
                            "name": "FUNCTIONS_WORKER_RUNTIME",
                            "value": "node"
                        },
                        {
                            "name": "APPINSIGHTS_INSTRUMENTATIONKEY",
                            "value": "[reference('microsoft.insights/components/samplegql202008161140', '2015-05-01').InstrumentationKey]"
                        },
                        {
                            "name": "APPLICATIONINSIGHTS_CONNECTION_STRING",
                            "value": "[reference('microsoft.insights/components/samplegql202008161140', '2015-05-01').ConnectionString]"
                        },
                        {
                            "name": "AzureWebJobsStorage",
                            "value": "[concat('DefaultEndpointsProtocol=https;AccountName=',parameters('storageAccountName'),';AccountKey=',listKeys(resourceId('Microsoft.Storage/storageAccounts', parameters('storageAccountName')), '2019-06-01').keys[0].value,';EndpointSuffix=','core.windows.net')]"
                        }
                    ],
                    "linuxFxVersion": "[parameters('linuxFxVersion')]"
                },
                "serverFarmId": "[concat('/subscriptions/', parameters('subscriptionId'),'/resourcegroups/', parameters('serverFarmResourceGroup'), '/providers/Microsoft.Web/serverfarms/', parameters('hostingPlanName'))]",
                "clientAffinityEnabled": false
            }
        },
        {
            "apiVersion": "2018-11-01",
            "name": "[parameters('hostingPlanName')]",
            "type": "Microsoft.Web/serverfarms",
            "location": "[parameters('location')]",
            "kind": "linux",
            "tags": {},
            "dependsOn": [],
            "properties": {
                "name": "[parameters('hostingPlanName')]",
                "workerSize": "[parameters('workerSize')]",
                "workerSizeId": "[parameters('workerSizeId')]",
                "numberOfWorkers": "[parameters('numberOfWorkers')]",
                "reserved": true
            },
            "sku": {
                "Tier": "[parameters('sku')]",
                "Name": "[parameters('skuCode')]"
            }
        },
        {
            "apiVersion": "2015-05-01",
            "name": "samplegql202008161140",
            "type": "microsoft.insights/components",
            "location": "eastus",
            "tags": {},
            "properties": {
                "ApplicationId": "[parameters('name')]",
                "Request_Source": "IbizaWebAppExtensionCreate"
            }
        },
        {
            "apiVersion": "2019-06-01",
            "type": "Microsoft.Storage/storageAccounts",
            "name": "[parameters('storageAccountName')]",
            "location": "[parameters('location')]",
            "tags": {},
            "sku": {
                "name": "Standard_LRS"
            },
            "properties": {
                "supportsHttpsTrafficOnly": true
            }
        }
    ]
}